{
  "New York": "America/New_York",
  "New York City": "America/New_York",
  "NYC": "America/New_York",
  "Boston": "America/New_York",
  "Philadelphia": "America/New_York",
  "Miami": "America/New_York",
  "Atlanta": "America/New_York",
  "Detroit": "America/New_York",
  "Washington": "America/New_York",
  "Washington DC": "America/New_York",
  "Baltimore": "America/New_York",
  "Pittsburgh": "America/New_York",
  "Charlotte": "America/New_York",
  "Jacksonville": "America/New_York",
  "Indianapolis": "America/New_York",
  "Columbus": "America/New_York",
  "Cleveland": "America/New_York",
  "Buffalo": "America/New_York",
  "Orlando": "America/New_York",
  "Tampa": "America/New_York",
  "Cincinnati": "America/New_York",
  "Raleigh": "America/New_York",
  "Richmond": "America/New_York",
  "Nashville": "America/Chicago",
  "Chicago": "America/Chicago",
  "Houston": "America/Chicago",
  "Dallas": "America/Chicago",
  "Austin": "America/Chicago",
  "San Antonio": "America/Chicago",
  "Minneapolis": "America/Chicago",
  "St Louis": "America/Chicago",
  "Kansas City": "America/Chicago",
  "Milwaukee": "America/Chicago",
  "Oklahoma City": "America/Chicago",
  "Memphis": "America/Chicago",
  "New Orleans": "America/Chicago",
  "Louisville": "America/New_York",
  "Madison": "America/Chicago",
  "Omaha": "America/Chicago",
  "Des Moines": "America/Chicago",
  "Winnipeg": "America/Winnipeg",
  "Mexico City": "America/Mexico_City",
  "Guadalajara": "America/Mexico_City",
  "Monterrey": "America/Monterrey",
  "Cancun": "America/Cancun",
  "Denver": "America/Denver",
  "Phoenix": "America/Phoenix",
  "Salt Lake City": "America/Denver",
  "Albuquerque": "America/Denver",
  "Boise": "America/Boise",
  "El Paso": "America/Denver",
  "Tucson": "America/Phoenix",
  "Colorado Springs": "America/Denver",
  "Calgary": "America/Edmonton",
  "Edmonton": "America/Edmonton",
  "Los Angeles": "America/Los_Angeles",
  "San Francisco": "America/Los_Angeles",
  "Seattle": "America/Los_Angeles",
  "Portland": "America/Los_Angeles",
  "San Diego": "America/Los_Angeles",
  "Las Vegas": "America/Los_Angeles",
  "Sacramento": "America/Los_Angeles",
  "San Jose": "America/Los_Angeles",
  "Fresno": "America/Los_Angeles",
  "Long Beach": "America/Los_Angeles",
  "Oakland": "America/Los_Angeles",
  "Bakersfield": "America/Los_Angeles",
  "Anaheim": "America/Los_Angeles",
  "Santa Ana": "America/Los_Angeles",
  "Riverside": "America/Los_Angeles",
  "Vancouver": "America/Vancouver",
  "Anchorage": "America/Anchorage",
  "Fairbanks": "America/Anchorage",
  "Juneau": "America/Juneau",
  "Honolulu": "Pacific/Honolulu",
  "Hilo": "Pacific/Honolulu",
  "Toronto": "America/Toronto",
  "Montreal": "America/Montreal",
  "Ottawa": "America/Toronto",
  "Quebec City": "America/Toronto",
  "Halifax": "America/Halifax",
  "St. John's": "America/St_Johns",
  "London": "Europe/London",
  "Manchester": "Europe/London",
  "Birmingham": "Europe/London",
  "Edinburgh": "Europe/London",
  "Glasgow": "Europe/London",
  "Liverpool": "Europe/London",
  "Leeds": "Europe/London",
  "Sheffield": "Europe/London",
  "Bristol": "Europe/London",
  "Belfast": "Europe/London",
  "Cardiff": "Europe/London",
  "Dublin": "Europe/Dublin",
  "Cork": "Europe/Dublin",
  "Galway": "Europe/Dublin",
  "Paris": "Europe/Paris",
  "Lyon": "Europe/Paris",
  "Marseille": "Europe/Paris",
  "Toulouse": "Europe/Paris",
  "Nice": "Europe/Paris",
  "Nantes": "Europe/Paris",
  "Brussels": "Europe/Brussels",
  "Antwerp": "Europe/Brussels",
  "Ghent": "Europe/Brussels",
  "Bruges": "Europe/Brussels",
  "Amsterdam": "Europe/Amsterdam",
  "Rotterdam": "Europe/Amsterdam",
  "The Hague": "Europe/Amsterdam",
  "Utrecht": "Europe/Amsterdam",
  "Eindhoven": "Europe/Amsterdam",
  "Berlin": "Europe/Berlin",
  "Munich": "Europe/Berlin",
  "Frankfurt": "Europe/Berlin",
  "Hamburg": "Europe/Berlin",
  "Cologne": "Europe/Berlin",
  "Stuttgart": "Europe/Berlin",
  "Dusseldorf": "Europe/Berlin",
  "Dortmund": "Europe/Berlin",
  "Essen": "Europe/Berlin",
  "Leipzig": "Europe/Berlin",
  "Bremen": "Europe/Berlin",
  "Dresden": "Europe/Berlin",
  "Hanover": "Europe/Berlin",
  "Nuremberg": "Europe/Berlin",
  "Vienna": "Europe/Vienna",
  "Graz": "Europe/Vienna",
  "Salzburg": "Europe/Vienna",
  "Zurich": "Europe/Zurich",
  "Geneva": "Europe/Zurich",
  "Basel": "Europe/Zurich",
  "Lausanne": "Europe/Zurich",
  "Bern": "Europe/Zurich",
  "Madrid": "Europe/Madrid",
  "Barcelona": "Europe/Madrid",
  "Valencia": "Europe/Madrid",
  "Seville": "Europe/Madrid",
  "Zaragoza": "Europe/Madrid",
  "Malaga": "Europe/Madrid",
  "Bilbao": "Europe/Madrid",
  "Lisbon": "Europe/Lisbon",
  "Porto": "Europe/Lisbon",
  "Rome": "Europe/Rome",
  "Milan": "Europe/Rome",
  "Naples": "Europe/Rome",
  "Venice": "Europe/Rome",
  "Florence": "Europe/Rome",
  "Turin": "Europe/Rome",
  "Bologna": "Europe/Rome",
  "Athens": "Europe/Athens",
  "Thessaloniki": "Europe/Athens",
  "Istanbul": "Europe/Istanbul",
  "Ankara": "Europe/Istanbul",
  "Izmir": "Europe/Istanbul",
  "Stockholm": "Europe/Stockholm",
  "Gothenburg": "Europe/Stockholm",
  "Malmo": "Europe/Stockholm",
  "Copenhagen": "Europe/Copenhagen",
  "Aarhus": "Europe/Copenhagen",
  "Oslo": "Europe/Oslo",
  "Bergen": "Europe/Oslo",
  "Helsinki": "Europe/Helsinki",
  "Espoo": "Europe/Helsinki",
  "Prague": "Europe/Prague",
  "Brno": "Europe/Prague",
  "Budapest": "Europe/Budapest",
  "Warsaw": "Europe/Warsaw",
  "Krakow": "Europe/Warsaw",
  "Bucharest": "Europe/Bucharest",
  "Sofia": "Europe/Sofia",
  "Moscow": "Europe/Moscow",
  "St Petersburg": "Europe/Moscow",
  "Novosibirsk": "Asia/Novosibirsk",
  "Yekaterinburg": "Asia/Yekaterinburg",
  "Vladivostok": "Asia/Vladivostok",
  "Tokyo": "Asia/Tokyo",
  "Yokohama": "Asia/Tokyo",
  "Osaka": "Asia/Tokyo",
  "Kyoto": "Asia/Tokyo",
  "Nagoya": "Asia/Tokyo",
  "Sapporo": "Asia/Tokyo",
  "Fukuoka": "Asia/Tokyo",
  "Kobe": "Asia/Tokyo",
  "Seoul": "Asia/Seoul",
  "Busan": "Asia/Seoul",
  "Incheon": "Asia/Seoul",
  "Shanghai": "Asia/Shanghai",
  "Beijing": "Asia/Shanghai",
  "Shenzhen": "Asia/Shanghai",
  "Guangzhou": "Asia/Shanghai",
  "Chengdu": "Asia/Shanghai",
  "Tianjin": "Asia/Shanghai",
  "Wuhan": "Asia/Shanghai",
  "Hangzhou": "Asia/Shanghai",
  "Nanjing": "Asia/Shanghai",
  "Xi'an": "Asia/Shanghai",
  "Hong Kong": "Asia/Hong_Kong",
  "Kowloon": "Asia/Hong_Kong",
  "Macau": "Asia/Macau",
  "Taipei": "Asia/Taipei",
  "Kaohsiung": "Asia/Taipei",
  "Bangkok": "Asia/Bangkok",
  "Phuket": "Asia/Bangkok",
  "Chiang Mai": "Asia/Bangkok",
  "Singapore": "Asia/Singapore",
  "Kuala Lumpur": "Asia/Kuala_Lumpur",
  "Penang": "Asia/Kuala_Lumpur",
  "Jakarta": "Asia/Jakarta",
  "Surabaya": "Asia/Jakarta",
  "Bandung": "Asia/Jakarta",
  "Bali": "Asia/Makassar",
  "Manila": "Asia/Manila",
  "Cebu": "Asia/Manila",
  "Davao": "Asia/Manila",
  "Ho Chi Minh City": "Asia/Ho_Chi_Minh",
  "Hanoi": "Asia/Ho_Chi_Minh",
  "Saigon": "Asia/Ho_Chi_Minh",
  "Dubai": "Asia/Dubai",
  "Abu Dhabi": "Asia/Dubai",
  "Sharjah": "Asia/Dubai",
  "Doha": "Asia/Qatar",
  "Riyadh": "Asia/Riyadh",
  "Jeddah": "Asia/Riyadh",
  "Mecca": "Asia/Riyadh",
  "Medina": "Asia/Riyadh",
  "Kuwait City": "Asia/Kuwait",
  "Muscat": "Asia/Muscat",
  "Bahrain": "Asia/Bahrain",
  "Tel Aviv": "Asia/Jerusalem",
  "Jerusalem": "Asia/Jerusalem",
  "Beirut": "Asia/Beirut",
  "Amman": "Asia/Amman",
  "Cairo": "Africa/Cairo",
  "Alexandria": "Africa/Cairo",
  "Giza": "Africa/Cairo",
  "Casablanca": "Africa/Casablanca",
  "Rabat": "Africa/Casablanca",
  "Lagos": "Africa/Lagos",
  "Abuja": "Africa/Lagos",
  "Nairobi": "Africa/Nairobi",
  "Mombasa": "Africa/Nairobi",
  "Addis Ababa": "Africa/Addis_Ababa",
  "Dar es Salaam": "Africa/Dar_es_Salaam",
  "Mumbai": "Asia/Kolkata",
  "Delhi": "Asia/Kolkata",
  "Bangalore": "Asia/Kolkata",
  "Hyderabad": "Asia/Kolkata",
  "Chennai": "Asia/Kolkata",
  "Kolkata": "Asia/Kolkata",
  "Pune": "Asia/Kolkata",
  "Ahmedabad": "Asia/Kolkata",
  "Jaipur": "Asia/Kolkata",
  "Lucknow": "Asia/Kolkata",
  "Kanpur": "Asia/Kolkata",
  "Nagpur": "Asia/Kolkata",
  "Indore": "Asia/Kolkata",
  "Thane": "Asia/Kolkata",
  "Bhopal": "Asia/Kolkata",
  "Visakhapatnam": "Asia/Kolkata",
  "Patna": "Asia/Kolkata",
  "Vadodara": "Asia/Kolkata",
  "Ghaziabad": "Asia/Kolkata",
  "Ludhiana": "Asia/Kolkata",
  "Agra": "Asia/Kolkata",
  "Nashik": "Asia/Kolkata",
  "Faridabad": "Asia/Kolkata",
  "Meerut": "Asia/Kolkata",
  "Rajkot": "Asia/Kolkata",
  "Kalyan-Dombivali": "Asia/Kolkata",
  "Vasai-Virar": "Asia/Kolkata",
  "Varanasi": "Asia/Kolkata",
  "Srinagar": "Asia/Kolkata",
  "Aurangabad": "Asia/Kolkata",
  "Dhanbad": "Asia/Kolkata",
  "Amritsar": "Asia/Kolkata",
  "Navi Mumbai": "Asia/Kolkata",
  "Allahabad": "Asia/Kolkata",
  "Ranchi": "Asia/Kolkata",
  "Howrah": "Asia/Kolkata",
  "Coimbatore": "Asia/Kolkata",
  "Jabalpur": "Asia/Kolkata",
  "Gwalior": "Asia/Kolkata",
  "Vijayawada": "Asia/Kolkata",
  "Jodhpur": "Asia/Kolkata",
  "Madurai": "Asia/Kolkata",
  "Raipur": "Asia/Kolkata",
  "Kota": "Asia/Kolkata",
  "Karachi": "Asia/Karachi",
  "Lahore": "Asia/Karachi",
  "Islamabad": "Asia/Karachi",
  "Dhaka": "Asia/Dhaka",
  "Chittagong": "Asia/Dhaka",
  "Colombo": "Asia/Colombo",
  "Kathmandu": "Asia/Kathmandu",
  "Sydney": "Australia/Sydney",
  "Melbourne": "Australia/Melbourne",
  "Brisbane": "Australia/Brisbane",
  "Perth": "Australia/Perth",
  "Adelaide": "Australia/Adelaide",
  "Gold Coast": "Australia/Brisbane",
  "Canberra": "Australia/Sydney",
  "Newcastle": "Australia/Sydney",
  "Wollongong": "Australia/Sydney",
  "Logan City": "Australia/Brisbane",
  "Geelong": "Australia/Melbourne",
  "Hobart": "Australia/Hobart",
  "Townsville": "Australia/Brisbane",
  "Cairns": "Australia/Brisbane",
  "Darwin": "Australia/Darwin",
  "Auckland": "Pacific/Auckland",
  "Wellington": "Pacific/Auckland",
  "Christchurch": "Pacific/Auckland",
  "Hamilton": "Pacific/Auckland",
  "Tauranga": "Pacific/Auckland",
  "Napier": "Pacific/Auckland",
  "Dunedin": "Pacific/Auckland",
  "Palmerston North": "Pacific/Auckland",
  "Sao Paulo": "America/Sao_Paulo",
  "Rio de Janeiro": "America/Sao_Paulo",
  "Brasilia": "America/Sao_Paulo",
  "Salvador": "America/Bahia",
  "Fortaleza": "America/Fortaleza",
  "Belo Horizonte": "America/Sao_Paulo",
  "Manaus": "America/Manaus",
  "Curitiba": "America/Sao_Paulo",
  "Recife": "America/Recife",
  "Porto Alegre": "America/Sao_Paulo",
  "Buenos Aires": "America/Argentina/Buenos_Aires",
  "Cordoba": "America/Argentina/Cordoba",
  "Rosario": "America/Argentina/Cordoba",
  "Mendoza": "America/Argentina/Mendoza",
  "Lima": "America/Lima",
  "Bogota": "America/Bogota",
  "Medellin": "America/Bogota",
  "Cali": "America/Bogota",
  "Santiago": "America/Santiago",
  "Valparaiso": "America/Santiago",
  "Caracas": "America/Caracas",
  "Quito": "America/Guayaquil",
  "Guayaquil": "America/Guayaquil",
  "La Paz": "America/La_Paz",
  "Montevideo": "America/Montevideo",
  "Asuncion": "America/Asuncion",
  "Havana": "America/Havana",
  "Panama City": "America/Panama",
  "San Jose": "America/Costa_Rica",
  "Guatemala City": "America/Guatemala",
  "San Salvador": "America/El_Salvador",
  "Tegucigalpa": "America/Tegucigalpa",
  "Managua": "America/Managua",
  "Kingston": "America/Jamaica",
  "Port of Spain": "America/Port_of_Spain",
  "Santo Domingo": "America/Santo_Domingo",
  "San Juan": "America/Puerto_Rico",
  "Johannesburg": "Africa/Johannesburg",
  "Cape Town": "Africa/Johannesburg",
  "Pretoria": "Africa/Johannesburg",
  "Durban": "Africa/Johannesburg",
  "Port Elizabeth": "Africa/Johannesburg",
  "Bloemfontein": "Africa/Johannesburg"
}
