{
  "UTC": "Coordinated Universal Time",
  "America/New_York": "Eastern Time (US & Canada)",
  "America/Chicago": "Central Time (US & Canada)",
  "America/Denver": "Mountain Time (US & Canada)",
  "America/Los_Angeles": "Pacific Time (US & Canada)",
  "America/Phoenix": "Mountain Standard Time (Arizona)",
  "America/Anchorage": "Alaska Time",
  "America/Juneau": "Alaska Time (Juneau)",
  "America/Boise": "Mountain Time (Boise)",
  "Pacific/Honolulu": "Hawaii-Aleutian Standard Time",
  "America/St_Johns": "Newfoundland Time",
  "America/Halifax": "Atlantic Time",
  "America/Toronto": "Eastern Time (Toronto)",
  "America/Montreal": "Eastern Time (Montreal)",
  "America/Winnipeg": "Central Time (Winnipeg)",
  "America/Regina": "Central Standard Time (Saskatchewan)",
  "America/Edmonton": "Mountain Time (Edmonton)",
  "America/Vancouver": "Pacific Time (Vancouver)",
  "America/Mexico_City": "Central Time (Mexico City)",
  "America/Cancun": "Eastern Standard Time (Cancun)",
  "America/Monterrey": "Central Time (Monterrey)",
  "America/Tijuana": "Pacific Time (Tijuana)",
  "America/Mazatlan": "Mountain Time (Mazatlan)",
  "America/Chihuahua": "Mountain Time (Chihuahua)",
  "Europe/London": "Greenwich Mean Time",
  "Europe/Dublin": "Irish Standard Time",
  "Europe/Paris": "Central European Time (Paris)",
  "Europe/Brussels": "Central European Time (Brussels)",
  "Europe/Amsterdam": "Central European Time (Amsterdam)",
  "Europe/Berlin": "Central European Time (Berlin)",
  "Europe/Vienna": "Central European Time (Vienna)",
  "Europe/Zurich": "Central European Time (Zurich)",
  "Europe/Madrid": "Central European Time (Madrid)",
  "Europe/Lisbon": "Western European Time",
  "Europe/Rome": "Central European Time (Rome)",
  "Europe/Athens": "Eastern European Time",
  "Europe/Istanbul": "Turkey Time",
  "Europe/Stockholm": "Central European Time (Stockholm)",
  "Europe/Copenhagen": "Central European Time (Copenhagen)",
  "Europe/Oslo": "Central European Time (Oslo)",
  "Europe/Helsinki": "Eastern European Time (Helsinki)",
  "Europe/Prague": "Central European Time (Prague)",
  "Europe/Budapest": "Central European Time (Budapest)",
  "Europe/Warsaw": "Central European Time (Warsaw)",
  "Europe/Bucharest": "Eastern European Time (Bucharest)",
  "Europe/Sofia": "Eastern European Time (Sofia)",
  "Europe/Moscow": "Moscow Standard Time",
  "Europe/Samara": "Samara Time",
  "Europe/Kaliningrad": "Eastern European Time (Kaliningrad)",
  "Asia/Yekaterinburg": "Yekaterinburg Time",
  "Asia/Omsk": "Omsk Time",
  "Asia/Novosibirsk": "Novosibirsk Time",
  "Asia/Krasnoyarsk": "Krasnoyarsk Time",
  "Asia/Irkutsk": "Irkutsk Time",
  "Asia/Yakutsk": "Yakutsk Time",
  "Asia/Vladivostok": "Vladivostok Time",
  "Asia/Magadan": "Magadan Time",
  "Asia/Kamchatka": "Kamchatka Time",
  "Asia/Tokyo": "Japan Standard Time",
  "Asia/Seoul": "Korea Standard Time",
  "Asia/Shanghai": "China Standard Time",
  "Asia/Urumqi": "Urumqi Time",
  "Asia/Hong_Kong": "Hong Kong Time",
  "Asia/Macau": "Macau Time",
  "Asia/Taipei": "Taipei Time",
  "Asia/Bangkok": "Indochina Time",
  "Asia/Singapore": "Singapore Standard Time",
  "Asia/Kuala_Lumpur": "Malaysia Time",
  "Asia/Jakarta": "Western Indonesia Time",
  "Asia/Pontianak": "Central Indonesia Time",
  "Asia/Makassar": "Central Indonesia Time (Makassar)",
  "Asia/Jayapura": "Eastern Indonesia Time",
  "Asia/Manila": "Philippine Time",
  "Asia/Ho_Chi_Minh": "Indochina Time (Ho Chi Minh)",
  "Asia/Dubai": "Gulf Standard Time",
  "Asia/Qatar": "Arabia Standard Time (Qatar)",
  "Asia/Riyadh": "Arabia Standard Time",
  "Asia/Kuwait": "Arabia Standard Time (Kuwait)",
  "Asia/Muscat": "Gulf Standard Time (Muscat)",
  "Asia/Bahrain": "Arabia Standard Time (Bahrain)",
  "Asia/Jerusalem": "Israel Standard Time",
  "Asia/Beirut": "Eastern European Time (Beirut)",
  "Asia/Amman": "Eastern European Time (Amman)",
  "Africa/Cairo": "Eastern European Time (Cairo)",
  "Africa/Casablanca": "Western European Time (Casablanca)",
  "Africa/Lagos": "West Africa Time",
  "Africa/Nairobi": "East Africa Time",
  "Africa/Addis_Ababa": "East Africa Time (Addis Ababa)",
  "Africa/Dar_es_Salaam": "East Africa Time (Dar es Salaam)",
  "Asia/Kolkata": "India Standard Time",
  "Asia/Karachi": "Pakistan Standard Time",
  "Asia/Dhaka": "Bangladesh Standard Time",
  "Asia/Colombo": "Sri Lanka Standard Time",
  "Asia/Kathmandu": "Nepal Time",
  "Australia/Perth": "Australian Western Standard Time",
  "Australia/Eucla": "Australian Central Western Standard Time",
  "Australia/Darwin": "Australian Central Standard Time (Darwin)",
  "Australia/Adelaide": "Australian Central Standard Time (Adelaide)",
  "Australia/Brisbane": "Australian Eastern Standard Time (Brisbane)",
  "Australia/Sydney": "Australian Eastern Time (Sydney)",
  "Australia/Melbourne": "Australian Eastern Time (Melbourne)",
  "Australia/Hobart": "Australian Eastern Time (Hobart)",
  "Pacific/Auckland": "New Zealand Standard Time",
  "Pacific/Chatham": "Chatham Islands Time",
  "Pacific/Fiji": "Fiji Time",
  "America/Noronha": "Fernando de Noronha Time",
  "America/Belem": "Brasilia Time (Belem)",
  "America/Fortaleza": "Brasilia Time (Fortaleza)",
  "America/Recife": "Brasilia Time (Recife)",
  "America/Araguaina": "Brasilia Time (Araguaina)",
  "America/Maceio": "Brasilia Time (Maceio)",
  "America/Bahia": "Brasilia Time (Bahia)",
  "America/Sao_Paulo": "Brasilia Time",
  "America/Campo_Grande": "Amazon Time (Campo Grande)",
  "America/Cuiaba": "Amazon Time (Cuiaba)",
  "America/Santarem": "Brasilia Time (Santarem)",
  "America/Porto_Velho": "Amazon Time (Porto Velho)",
  "America/Boa_Vista": "Amazon Time (Boa Vista)",
  "America/Manaus": "Amazon Time",
  "America/Eirunepe": "Acre Time (Eirunepe)",
  "America/Rio_Branco": "Acre Time",
  "America/Argentina/Buenos_Aires": "Argentina Time",
  "America/Argentina/Cordoba": "Argentina Time (Cordoba)",
  "America/Argentina/Salta": "Argentina Time (Salta)",
  "America/Argentina/Jujuy": "Argentina Time (Jujuy)",
  "America/Argentina/Tucuman": "Argentina Time (Tucuman)",
  "America/Argentina/Catamarca": "Argentina Time (Catamarca)",
  "America/Argentina/La_Rioja": "Argentina Time (La Rioja)",
  "America/Argentina/San_Juan": "Argentina Time (San Juan)",
  "America/Argentina/Mendoza": "Argentina Time (Mendoza)",
  "America/Argentina/San_Luis": "Argentina Time (San Luis)",
  "America/Argentina/Rio_Gallegos": "Argentina Time (Rio Gallegos)",
  "America/Argentina/Ushuaia": "Argentina Time (Ushuaia)",
  "America/Lima": "Peru Time",
  "America/Bogota": "Colombia Time",
  "America/Santiago": "Chile Standard Time",
  "America/Punta_Arenas": "Chile Standard Time (Punta Arenas)",
  "Pacific/Easter": "Easter Island Time",
  "America/Caracas": "Venezuela Time",
  "America/Guayaquil": "Ecuador Time",
  "Pacific/Galapagos": "Galapagos Time",
  "America/La_Paz": "Bolivia Time",
  "America/Montevideo": "Uruguay Time",
  "America/Asuncion": "Paraguay Time",
  "America/Havana": "Cuba Standard Time",
  "America/Panama": "Eastern Standard Time (Panama)",
  "America/Costa_Rica": "Central Standard Time (Costa Rica)",
  "America/Guatemala": "Central Standard Time (Guatemala)",
  "America/El_Salvador": "Central Standard Time (El Salvador)",
  "America/Tegucigalpa": "Central Standard Time (Honduras)",
  "America/Managua": "Central Standard Time (Nicaragua)",
  "America/Jamaica": "Eastern Standard Time (Jamaica)",
  "America/Port_of_Spain": "Atlantic Standard Time (Trinidad)",
  "America/Santo_Domingo": "Atlantic Standard Time (Dominican Republic)",
  "America/Puerto_Rico": "Atlantic Standard Time (Puerto Rico)",
  "Africa/Johannesburg": "South Africa Standard Time"
}
